date,graph_zscore,node_degree,clustering_coeff,eigen_centrality,reversal_5d,reversal_10d,momentum_21d,momentum_63d,vol_20d,vol_60d,vol_ratio,funding_rate_z30d,funding_rate_change_5d,oi_change_5d,oi_zscore_30d,fg_x_vol
2022-01-07,0.051072613816122124,0.10106240357728646,0.07351866863787923,0.10609146180440308,0.05956816502919226,0.048556855550546923,0.05812320061251118,0.06654447210980198,0.10845525710404766,0.11199910287572432,0.052065718711074474,0.04369454926938934,0.055109733117157944,0.0,0.0,0.064137797784863
2022-01-14,0.04995173493008541,0.09745424946608901,0.07656868428174325,0.11035433515323687,0.05986114859859791,0.049002498809509146,0.056111461784281245,0.06415407814085614,0.10044749105280387,0.11242254664669456,0.0573337792070481,0.04476505351113528,0.0550075244873676,0.0,0.0,0.06656541393055161
2022-01-21,0.04690934633687045,0.09786391415151341,0.07618184857993589,0.11589020993935667,0.05864522276482458,0.05071164953029017,0.05395321600581889,0.0729440102037953,0.08939580401551846,0.10681654858648014,0.05554641283480166,0.04615014593140361,0.05934608304593752,0.0,0.0,0.06964558807345332
2022-01-28,0.053433003306779,0.09635634098356682,0.07845825544642197,0.11821214099034692,0.05860397296083417,0.047335330498288364,0.052918853219607466,0.07536107001965585,0.08377667753483724,0.09982011181378742,0.05944923524991604,0.048365656220895226,0.06296228830352443,0.0,0.0,0.06494706345153917
2022-02-04,0.05326373190744695,0.09281585326984589,0.07872756039998859,0.12452644292592827,0.05875509001033106,0.04719525061044178,0.06039661458887426,0.07544428269038891,0.07745663211093966,0.09921887435779506,0.05749848047403325,0.044955599488721174,0.061824551813143336,0.0,0.0,0.06792103535212185
2022-02-11,0.0642356545873266,0.09141225486147407,0.07154844667297457,0.12673176569020606,0.06482707142338387,0.045235416869434386,0.0574519404793456,0.07075415134304515,0.06965077745301804,0.10887382457369776,0.05636429058986534,0.044210669304228324,0.05715485287617547,0.0,0.0,0.07154888327582476
2022-02-18,0.06064800466250693,0.08614322663760586,0.06419973795568622,0.12533580212200277,0.058854400402613034,0.042910318492946305,0.0627646650675358,0.07450967266091128,0.07369157651134474,0.115585392853178,0.05543965481211139,0.04846424461622802,0.05752587094528605,0.0,0.0,0.07392743226004364
2022-02-25,0.060710704523218285,0.08407143132780197,0.06076586767255662,0.1218784003415991,0.05727077193829789,0.047862865358236945,0.06177633500389384,0.07260854050672556,0.07118669695579777,0.1219187636032677,0.06242119262766607,0.0435628300024028,0.05705003689996263,0.0,0.0,0.07691556323857292
2022-03-04,0.05486795084097604,0.08648884604213197,0.06573792569694706,0.1291753527715589,0.057565486046927745,0.04876652372865178,0.0608132317243268,0.07303120139347645,0.06540802772909406,0.11803928990899136,0.06279813294853771,0.04261933875251499,0.060499779468668226,0.0,0.0,0.07418891294719689
2022-03-11,0.05258655131144217,0.0810196575128839,0.06557139458739744,0.12640279143834168,0.05415943404601693,0.045498275035718266,0.06558357639100498,0.07516351530921721,0.06869456037407703,0.12042591309029353,0.06510219568607602,0.041703011902712264,0.06313380044076941,0.0,0.0,0.07495532287404925
2022-03-18,0.05631223225626668,0.08236411860883035,0.062435741626746824,0.13225129428697324,0.05507605683810263,0.04647979927946735,0.06423366166685583,0.07199977336161902,0.07073850652980208,0.11880669545832344,0.06253203966113621,0.0424130506321853,0.06166795518573208,0.0,0.0,0.07268907460795904
2022-03-25,0.06096155783202801,0.08503860227557265,0.06593011683072941,0.13111770531657826,0.05464691125392784,0.04827070053302074,0.061230022465862816,0.06703570467726011,0.06820754306924043,0.11207169426139803,0.06903353694856834,0.040316183842169284,0.06287591822338612,0.0,0.0,0.07326380247025796
2022-04-01,0.05536743936246679,0.0871642643523569,0.06799035804593707,0.1334894129342389,0.05194554958070381,0.049339341284778154,0.06238761358739268,0.06706227347539627,0.06737961928962592,0.11303455573579262,0.06954210010309633,0.04202250149404623,0.06140950644950603,0.0,0.0,0.07186546430466219
2022-04-08,0.05571584764014245,0.08473247557612451,0.06393579519330327,0.12977166289045805,0.05447858030687103,0.0490120169765795,0.06022649727698787,0.07300119655478024,0.06959755460977463,0.1168702561041984,0.06778783661014107,0.03994040752093884,0.0631114848667528,0.0,0.0,0.07181838787294736
2022-04-15,0.05818455297915713,0.08586892204067836,0.06331031273295097,0.13511062648542824,0.05188424137814773,0.04793645895762871,0.059725136780021816,0.070135233879869,0.06763735856644706,0.11565063694260069,0.06777707920242254,0.04175104457302835,0.0600431790336268,0.0,0.0,0.07498521644799265
2022-04-22,0.05693999141656378,0.08736042516296688,0.06803845408269293,0.1296914032934599,0.04984262003341186,0.05306366252896119,0.06478845459146258,0.06961943374877812,0.060936031392953414,0.1231565165653652,0.06285742906710666,0.039839013996135084,0.06260943321411559,0.0,0.0,0.07125713090602678
2022-04-29,0.05793459109517031,0.0914881279946893,0.06499459242782112,0.13036799148626899,0.05137087691250124,0.053063060398640005,0.06438835928672892,0.06515598931547685,0.06214700500533265,0.130057245074906,0.0609021081606634,0.037247038053719365,0.06091692196393667,0.0,0.0,0.06996609282414527
2022-05-06,0.0567413293377937,0.09216493175957255,0.06437476797056062,0.13198828221406572,0.04976416237945278,0.04909643747047543,0.06320538389976421,0.06542306487192373,0.0658795996699516,0.1326369242372977,0.06097035471817639,0.03592657623094171,0.058059078518676754,0.0,0.0,0.07376910672134722
2022-05-13,0.057135526265906005,0.08988261177519613,0.05863742671945866,0.13034122583812746,0.047505874174805444,0.047261020295038904,0.06256765143422463,0.07350478496648925,0.06402845232213743,0.1376282233108811,0.06402947764905234,0.033033067802086494,0.05629969527267177,0.0,0.0,0.07814496217392433
2022-05-20,0.05427505334911161,0.09091816335146129,0.06598397517294806,0.13146275715481226,0.038117763071217385,0.04312782666817328,0.06196017509696289,0.06418058078871888,0.068879504179157,0.14900485949225142,0.06670758369641536,0.03586059562346064,0.05030825831379603,0.0,0.0,0.07921290404151395
2022-05-27,0.05116900127180035,0.09153335897487942,0.06840538722613156,0.13307747703965905,0.04040213127282434,0.03878154235364016,0.05914200065102356,0.066502209530949,0.07099255378943714,0.15086799678800114,0.060669045101312186,0.03917312093154365,0.05152001615282022,0.0,0.0,0.07776415891597836
2022-06-03,0.052976580653607205,0.08593102534591776,0.066424672816308,0.13584344093991194,0.04512782882114509,0.04225684098268821,0.05771997273088568,0.06704830712738626,0.0666395722226603,0.1534195361959676,0.059974432430893565,0.036503819902059476,0.05027450309419573,0.0,0.0,0.07985946673637326
2022-06-10,0.05339292711948332,0.08619726771101034,0.06388317954921066,0.1383348140370728,0.04629524978867629,0.04071038451664839,0.05543652194861549,0.06464374594838267,0.07065822597439014,0.16152843934632383,0.06030019670108693,0.035102617333065356,0.04639277794676225,0.0,0.0,0.07712365207927169
2022-06-17,0.050381172531634294,0.09452781666992191,0.06537746913594879,0.14009747861839253,0.04327045001870681,0.04193547698757172,0.055969307446615504,0.058921537594426907,0.06824550889227153,0.15122274018899556,0.05894340202786537,0.03557720229299256,0.05303686023223296,0.0,0.0,0.08249357736242366
2022-06-24,0.05520955856920164,0.09482911780962386,0.06332598729656438,0.1451713911649064,0.0443804177891079,0.04391796013638588,0.05380443810687972,0.05850607127650755,0.06686386835235639,0.1416867969242786,0.057433611153145187,0.03673509496940643,0.04984826571298394,0.0,0.0,0.08828742073865216
2022-07-01,0.05013212799466013,0.10356491484126515,0.059712398946978544,0.14809465158263563,0.0428349044482494,0.04399455833729329,0.05632684263027338,0.06286250857300003,0.06378704958558888,0.13133409660176232,0.06011593233930596,0.038631813101143525,0.05139297411548099,0.0,0.0,0.08721522690236286
2022-07-08,0.05293074961757582,0.0983727743983981,0.05989192807564085,0.15304635921049073,0.04308694962753927,0.04495245837875096,0.05617051603559671,0.06789206858626809,0.06185812420737218,0.1340095524833423,0.05705336444775552,0.03442023741868814,0.04872507410024227,0.0,0.0,0.0875898434123392
2022-07-15,0.047945224059781966,0.10435283059346188,0.0612361848866504,0.14591987288517502,0.049812277737057,0.04362606300599504,0.052865110494053236,0.07077988803949091,0.06226391332244043,0.13707540507291188,0.061825681868721866,0.03565838862617814,0.04917524712063757,0.0,0.0,0.07746391228744463
2022-07-22,0.049263811831906625,0.09263334993458949,0.0648541917992406,0.14772073962974097,0.05009386369060522,0.04363068758902389,0.05077618511076036,0.0795649452122485,0.06186627262198806,0.13900184436967558,0.061908180223975415,0.03589665495904207,0.04520137179718239,0.0,0.0,0.07758790123002082
2022-07-29,0.05130430077650061,0.09023065162242064,0.06454912536774488,0.14711961171388402,0.05116854107228179,0.04441736910070481,0.04910596218733963,0.07986977633544319,0.06073372597989422,0.13901004733216735,0.06213908696094892,0.035049301728665216,0.04811043986521825,0.0,0.0,0.07719205995678655
2022-08-05,0.04955892716237956,0.09249535863657972,0.0621098600306211,0.14355722550416522,0.054091131233293864,0.04288099835072108,0.05198306644799655,0.08282213592066119,0.06628919505133421,0.13604477799104533,0.06123956965583611,0.036224108609453944,0.04444783166513681,0.0,0.0,0.0762558137407754
2022-08-12,0.04913477058714956,0.09427054678811364,0.062067326256286075,0.14962001872983832,0.04647574617889143,0.03894111352005748,0.047511261696904346,0.0832186318448857,0.07284822584337705,0.13282177470295123,0.061694589887386624,0.03480323352182859,0.049773225685631674,0.0,0.0,0.07681953475669821
2022-08-19,0.04573680923285114,0.09722109984066638,0.0660550163056691,0.1483798197801812,0.05281731677347484,0.04087094278538372,0.0453684647975167,0.07804436339559634,0.07339414603673539,0.13264472641938688,0.061599671082476694,0.032550723780295145,0.046566264644969796,0.0,0.0,0.07875063512479667
2022-08-26,0.046791987080907864,0.1040084237151364,0.06241850942363686,0.14355722936684273,0.054136754721645655,0.037271403840737655,0.05219709872702073,0.07742405890516786,0.07158727765732438,0.1319284318719598,0.06526651752671975,0.03377944477968579,0.04732179470854234,0.0,0.0,0.07231106767467209
2022-09-02,0.0495247805414207,0.09583972181809179,0.06722298031591153,0.13575008806878144,0.04920734655639101,0.04457786030845488,0.05429697278802476,0.07902820238426295,0.07473662552885964,0.13719280424278138,0.06095647517081867,0.036924860530328826,0.04784426476456883,0.0,0.0,0.06689701698130363
2022-09-09,0.054885800859630865,0.09387599889450053,0.06779470676189267,0.1319055568913892,0.04885074573797574,0.041811927207339214,0.05499937647431298,0.07987870369774976,0.06922586134428137,0.13751579116938825,0.06378254996155931,0.04039365302974083,0.04201819729220789,0.0,0.0,0.07306113067803152
2022-09-16,0.05638756089837293,0.08853362609012265,0.06411678615560241,0.13647846969361271,0.04713209538353417,0.04114811079349939,0.05714658218363647,0.07794013434137803,0.07491816971784467,0.1412780289102279,0.057885150943720334,0.038237109907881796,0.043451365870540826,0.0,0.0,0.07534680911002567
2022-09-23,0.05135298996376692,0.09210627312683861,0.06401639552981353,0.12869109024973696,0.049696490809818375,0.04190284090666888,0.059252893168993535,0.0802331768742683,0.069704374932391,0.14926760798864638,0.06400014331211737,0.03633780471387917,0.03802440658414338,0.0,0.0,0.07541351183891769
2022-09-30,0.05165351523981171,0.09333514587906226,0.06367811374371583,0.12138220162042261,0.04726691173877131,0.041243749884652826,0.057661229242929074,0.08097176165737881,0.06907147149098844,0.15855899133167806,0.06503563917632404,0.03720922960849551,0.04075868078974456,0.0,0.0,0.07217335859602496
2022-10-07,0.04933728566356413,0.09441224222079467,0.06527069491769019,0.11789397964453374,0.04263744246861636,0.04175029449637015,0.05679869150201836,0.07900958077557972,0.06881717045286469,0.16681676634646855,0.06437754075429075,0.03832587828135161,0.03845092279327246,0.0,0.0,0.07610150968258464
2022-10-14,0.050677338921552864,0.09176843667052538,0.0665778113753798,0.11629032786576796,0.04222408848190266,0.04088712443720525,0.05401078477099076,0.07590061275881935,0.0722201263080769,0.17062865402772084,0.060898626148164894,0.04216791363997411,0.03949288470543648,0.0,0.0,0.07625526988848268
2022-10-21,0.049368513958332846,0.09205963852161916,0.07020776655402831,0.12183206602047011,0.040943954189483184,0.039827413239842784,0.04940186428970778,0.07684154536078515,0.06820207158720083,0.17846716984068123,0.058046771425549815,0.03876635825509062,0.04158701869609046,0.0,0.0,0.07444784806111777
2022-10-28,0.046235715039430546,0.08859091820466569,0.06914152245035156,0.1271711115103396,0.04123528295905228,0.040528203955494675,0.050939541914848056,0.07506754788514013,0.06635382398993482,0.18002285374636137,0.05603618858574177,0.03815667669064595,0.04081765070342557,0.0,0.0,0.07970296236456806
2022-11-04,0.047213827312909656,0.09289641342786606,0.06204364682541976,0.12518308004352435,0.043818855180500584,0.04176362743598919,0.05230609723183741,0.07669826832611075,0.06891130125514602,0.1762840230093275,0.05565234895855528,0.03680210450055154,0.041483242110359066,0.0,0.0,0.07894316438190283
2022-11-11,0.04827332368061895,0.08726228438852039,0.06309382320591445,0.13372957240976258,0.04069033601341729,0.03809147125122589,0.0483943874216232,0.07273055458582049,0.0734594429285919,0.18511749006188336,0.051653983183832214,0.034678208554320494,0.04085441169102382,0.0,0.0,0.08197071062344502
2022-11-18,0.04905197090138466,0.09283078683078595,0.06298823479336689,0.13243981197183102,0.042614714245420016,0.03678240754934866,0.0499316594315162,0.07156349040428078,0.06876456287835589,0.1870261224032818,0.0517220993719589,0.03487328798490528,0.04125297791199298,0.0,0.0,0.07815787332157102
2022-11-25,0.04499620777563181,0.08610220048949749,0.06473386859986091,0.13534957303449047,0.03959343293975803,0.037252848474927186,0.04850260640562713,0.08086025217786125,0.06408485187205638,0.1935451050223103,0.04694281995708358,0.036172776444268605,0.038459944175054626,0.0,0.0,0.0834035126315723
2022-12-02,0.043380053873735315,0.08870691123723769,0.0671392204033867,0.1404999044995535,0.044235957496966925,0.03679773773189638,0.04702784283482981,0.07349323598692295,0.06700107549318182,0.19407729799456788,0.0448653066725229,0.033823406728436915,0.03924189425837874,0.0,0.0,0.07971015478838248
2022-12-09,0.04454158369472877,0.08731257630888213,0.06545192097061311,0.1419517257510937,0.041868901356195275,0.03575015057448668,0.04551393694898788,0.07705845702614825,0.061961771819634436,0.1975286279917476,0.04382125379992579,0.03831734287463719,0.03918460580621457,0.0,0.0,0.07973714507670451
2022-12-16,0.048936298408943535,0.08953226190911845,0.06381846190616684,0.13647003957877488,0.04127038723181006,0.031585276498357205,0.04531066617213065,0.07972165319921877,0.06327807214702488,0.20125370826431602,0.043836780973429045,0.035679366801709966,0.03746925416282028,0.0,0.0,0.08183777274617927
2022-12-23,0.04529862211386588,0.08698465797571212,0.06297623374010951,0.13907488547804192,0.045138865625807566,0.03176306438151337,0.04285779730400701,0.07714382052127097,0.06382158826092076,0.2064379487078274,0.044933068570539546,0.031551987124120856,0.03767193104132164,0.0,0.0,0.08434552915494148
2022-12-30,0.04252580737700456,0.0909190689294567,0.06467945637797454,0.1440808273642231,0.04267415169273525,0.032235550861685315,0.041583774890875065,0.0728311425175011,0.06348526333410213,0.21204364309160165,0.043262473796192275,0.029215533334377285,0.03562245967286856,0.0,0.0,0.0848408467594025
2023-01-06,0.043729799802968844,0.08892233692235801,0.0613128447434983,0.14668273252092684,0.042038317007586846,0.03512642610744178,0.04450835476033684,0.0743289670878832,0.05940124147353355,0.21082043957967989,0.04247770706091647,0.03297918158704755,0.03521295139825893,0.0,0.0,0.08245869994756296
2023-01-13,0.04502700958773654,0.08720882733352697,0.060759585530716836,0.14630589138599598,0.0433979849913531,0.03581719359877275,0.04597633634289089,0.07239451307459203,0.05779629046513066,0.20427129862520937,0.047338073909461924,0.03388788113899595,0.040125335818178,0.0,0.0,0.07969377819743906
2023-01-20,0.04092520622462334,0.08640217224784176,0.0598339605699264,0.15006373322080743,0.041200916345489745,0.037626138523689984,0.04616190228040139,0.07778881904356041,0.062121977944230786,0.19189360968806551,0.04994266359686059,0.034260504658006126,0.04280665480412452,0.0,0.0,0.07897174085237196
2023-01-27,0.04020505354594937,0.08931944775476774,0.05892412939496864,0.15008070390429823,0.038363536264382055,0.03408672690788714,0.04818271955473948,0.08053908517679383,0.0654631504551311,0.18674612780909566,0.05199128910637856,0.03650865923280291,0.04290218120034184,0.0,0.0,0.07668718969246353
2023-02-03,0.043690491675579944,0.09604270440962157,0.06036011371562736,0.14164544434253895,0.04323663283038376,0.03765355491664713,0.04580355862026227,0.07869426656521457,0.06917590073788242,0.16887789071949233,0.05056534909257298,0.0337899304166791,0.04895718699531079,0.0,0.0,0.08150697496218688
2023-02-10,0.04174875325010651,0.10201018830736454,0.05952669862315732,0.14651607029613828,0.04467113930122655,0.03485689382757002,0.040843796494653965,0.07880995211261062,0.06720328846561333,0.1587815720464331,0.0555698526866019,0.036411204622255715,0.049663802806104995,0.0,0.0,0.08338678716016304
2023-02-17,0.04346165370690366,0.10392186049731578,0.06076233448308642,0.15029149918218804,0.04086091387271775,0.03625960588302887,0.04150977009483182,0.0736671920932346,0.06692787353882541,0.1580591423564218,0.052870466886724005,0.037308753095638865,0.051180879313354105,0.0,0.0,0.08291805499572905
2023-02-24,0.0433905701542316,0.10350701818153743,0.057842729235376984,0.14881662848979188,0.04316424099868826,0.03860807036647256,0.041797637456249065,0.07383415597754002,0.06837360956769549,0.15129347553261854,0.05469500306406502,0.036742795155973076,0.05082472598386022,0.0,0.0,0.08710933983589993
2023-03-03,0.04303786388583922,0.10254082062272048,0.060223395706284585,0.14453000309173505,0.042904593713226635,0.03560517115915806,0.04014465607098119,0.07819833431130362,0.06991779064503563,0.15443717139331886,0.05300759254985112,0.03797050524387321,0.050522016012164384,0.0,0.0,0.08696008559450794
2023-03-10,0.04265598630357154,0.10585981176180827,0.06276863746538638,0.14051032209812656,0.04203085869784945,0.03588759624629806,0.03895574929167586,0.07472293837434875,0.06976803345564583,0.16412270543193297,0.05296647538984592,0.03643666902573309,0.049216998049805366,0.0,0.0,0.08409721840797199
2023-03-17,0.04194810098809902,0.09584702660801481,0.06187210362853551,0.1543447699138058,0.04026097046998142,0.03793197310500747,0.0409131706514595,0.07483190460193477,0.0657141295465077,0.17754984386190029,0.0477583918999789,0.03285934212096477,0.0475069979354448,0.0,0.0,0.08066127466836515
2023-03-24,0.03973307755551726,0.0985559450137191,0.06434148020037887,0.15141635747112384,0.03789163957697182,0.032004295294745896,0.04395577487842232,0.0758289045527743,0.06453531046665827,0.18700618434657854,0.04835200029432358,0.03339393307301986,0.04278299325819279,0.0,0.0,0.08020210401757358
2023-03-31,0.037599104180548196,0.09999360852088182,0.06427429628935596,0.14879353723219987,0.03850705678693647,0.03543896553580061,0.04401038830084489,0.07222803206114393,0.06357188478252827,0.19707137278257109,0.04431967087269101,0.03622683751426948,0.045175566495088255,0.0,0.0,0.07278967864514022
2023-04-07,0.03662362750372412,0.10133429294854646,0.06793568883044725,0.1433068096870085,0.03582915150508457,0.036380098326963164,0.04342455766365112,0.07063490544406952,0.06188861244794573,0.2036086026250681,0.04151004299852476,0.036082362575770285,0.049551669544905794,0.0,0.0,0.07188957789829069
2023-04-14,0.039151934857650846,0.1039983512517095,0.07030471438076487,0.14198525947823093,0.03741018904517914,0.033953029413364866,0.04977016695041975,0.0699728205302909,0.061030848631724574,0.19455024626502365,0.04129850827082537,0.037912638170268735,0.04693723790473684,0.0,0.0,0.0717240548498101
2023-04-21,0.03920612439743404,0.10150081349706885,0.07004464563428738,0.14025027621352515,0.03754077879625377,0.0351823622145551,0.04614994132689353,0.06777981869884363,0.06452429622548915,0.20115065941490226,0.04335556746869108,0.035047907814911725,0.04575511083308141,0.0,0.0,0.07251169746406295
2023-04-28,0.038234755109257154,0.10482467263715586,0.06953386967351341,0.14063825868864982,0.037020523240577585,0.0345860922624261,0.04416430562510849,0.07196102056538682,0.06546455258910054,0.2012494233510128,0.04445230107465441,0.0350992948479537,0.043486393548777376,0.0,0.0,0.0692845367864259
2023-05-05,0.03828861890460959,0.10431233074465769,0.06501929582119056,0.13909810499223124,0.03721547715390301,0.03384641741607204,0.045430557474878945,0.07162306397956841,0.06083513119354368,0.20742636669639833,0.0437491325817775,0.03457026508047283,0.04479206999659776,0.0,0.0,0.07379316796409839
2023-05-12,0.03722300811285815,0.10014290231545894,0.06367403274673324,0.13796483823216202,0.03616296458927041,0.035515596171007836,0.04932423473146569,0.06849241699601716,0.05861559964812964,0.22133390881854198,0.04409179223742537,0.03160542459660859,0.04251336776404008,0.0,0.0,0.07333991304028095
2023-05-19,0.034135524476403195,0.0945617774103486,0.06300650704879616,0.1349726630308713,0.03755067529850304,0.037851818669925846,0.04668515682352913,0.0745083498850777,0.055746803184397314,0.23470104738719477,0.040386205976183545,0.03242960750762288,0.042574763332640916,0.0,0.0,0.07088909996850558
2023-05-26,0.03538135404803554,0.09253362779367079,0.061351305536906965,0.13471681324861035,0.031365115235282875,0.037328620085028116,0.04994438935390954,0.07084396418261467,0.05558109009324936,0.24205202745375048,0.042596835475137276,0.03368295451421105,0.04351151764402452,0.0,0.0,0.0691103853355685
2023-06-02,0.03529977958157628,0.10573071432345894,0.06117983810253404,0.13212028091580502,0.033326158597303084,0.03452690192613265,0.04788477693811227,0.06947275614037188,0.05588528579306632,0.24423765001902695,0.03808424483296082,0.030637323600569782,0.040245886693980076,0.0,0.0,0.07136840253510193
2023-06-09,0.03606898814651882,0.09695107738047554,0.061596228162252895,0.13966530602733768,0.03541223674920438,0.03276545049297261,0.04890939987636457,0.07235726548646995,0.05261555145409549,0.23623850251127523,0.04226410653127975,0.03138029103345761,0.039774433679660805,0.0,0.0,0.07400116246863463
2023-06-16,0.03591392577203172,0.09747307117856446,0.05278822820016429,0.13527688959328593,0.034978617743651824,0.03422267425641689,0.04986940887794446,0.07947048630832071,0.05622271975996048,0.22085998050691585,0.0428120843654585,0.03568418697143425,0.04541424098911004,0.0,0.0,0.07901348547674066
2023-06-23,0.03554067487804271,0.09430945260972075,0.050698482768259,0.1302673641404635,0.03861614897729397,0.035014610337865036,0.048401345569833235,0.08501056460660776,0.05720992431972864,0.21975587849828207,0.040147025395377026,0.03790440565129095,0.043066147949924354,0.0,0.0,0.084057974297311
2023-06-30,0.03217301627621043,0.09888687982959599,0.05132910612442991,0.13040017645379165,0.04009618158198638,0.03468009462925813,0.04916013694400403,0.09535908528928572,0.061108189561770276,0.2090295825008321,0.039154512756250856,0.0354835127138935,0.04300816433657029,0.0,0.0,0.08013136100212073
2023-07-07,0.037149046980499124,0.09734441464221487,0.04641397523632008,0.13253141218089318,0.03758742631581097,0.03692432669192476,0.04983492865405495,0.09331073645594204,0.06333740614235642,0.20197519686973617,0.03674117972538597,0.034592178237605166,0.04803391287239363,0.0,0.0,0.08422385899486275
2023-07-14,0.03695608035531395,0.09385205286171315,0.05063209603985849,0.1318982196576979,0.03821300559226875,0.03833377273164365,0.050737008956255485,0.09681559749966373,0.06157075634630118,0.1954868563958008,0.03988961963032623,0.037566902029483096,0.04538413766879471,0.0,0.0,0.08266389423487895
2023-07-21,0.0347087892511567,0.09227486858988321,0.05253929617224059,0.1274909611005831,0.038045592662181715,0.039397010663086145,0.051206429400718664,0.09270370780928289,0.06191079317901551,0.20160803657435142,0.042398781353379364,0.03712312197331895,0.04535142839634456,0.0,0.0,0.08324118287445724
2023-07-28,0.03604847539872435,0.0849278384093906,0.05278798451514532,0.13273717375825456,0.036187492743977374,0.03923314053143611,0.0518110440266969,0.0922935201007365,0.06317507993122684,0.20488403729678825,0.04171429231238629,0.03448567895178983,0.04499297876012621,0.0,0.0,0.0847212632633209
2023-08-04,0.036998575237763814,0.08356780412080603,0.05398879500753347,0.1255362110861709,0.03717797993663519,0.036948149173467566,0.054138475619178374,0.09073696899501259,0.06521625317572693,0.20985154303394082,0.0433889610387725,0.033174400648725594,0.044968780847856306,0.0,0.0,0.0843071020784099
2023-08-11,0.0345067434171135,0.08248075256689077,0.05258485250039553,0.1202287072844897,0.03575046000830626,0.0368910780309697,0.056992854636395654,0.09447782143886128,0.07039065108782236,0.20902218094156705,0.04123839398794898,0.03485093909609468,0.04464091460828298,0.0,0.0,0.0859436503948616
2023-08-18,0.03569109091454311,0.08075505590363312,0.051967966099930964,0.11943332668591196,0.03603764981999531,0.03587267367340533,0.0553586292435996,0.09203217603134621,0.07154409974508921,0.21734003802782023,0.04323627339850129,0.033718327225907556,0.04467293739285416,0.0,0.0,0.082339755837462
2023-08-25,0.033708035978667714,0.08087873151528388,0.05391846319866568,0.11348313071489692,0.038281149988849426,0.0357531090477846,0.05530585152495188,0.09236668351034513,0.072783898863954,0.2201683549919844,0.0404043565934798,0.03289597444987555,0.04553394507545713,0.0,0.0,0.08451831454580383
2023-09-01,0.03672299605921394,0.07788604718221308,0.05031865597636318,0.11518741816240108,0.036837980019614656,0.036313485945191085,0.05811739109879314,0.09004995016929904,0.0726140533864769,0.22631773806481492,0.041053593088792986,0.03080632300083586,0.04204437622641734,0.0,0.0,0.08572999161957282
2023-09-08,0.03402396535133254,0.08192058974487774,0.05070649013882533,0.11275814602663861,0.03728576732352619,0.03634662659616845,0.060232479976655956,0.08949642160838096,0.07185845511481632,0.22029831572656758,0.03852384734100868,0.033427943772097304,0.047750602893037154,0.0,0.0,0.08537034838606719
2023-09-15,0.03147109958613386,0.08536186694306742,0.0510334567732005,0.11572456501060725,0.03548067042335146,0.03558414680230642,0.05939356121449082,0.09479878020828571,0.07511298590221621,0.2135240651531374,0.03877606916453711,0.03363136416098243,0.044390569019255206,0.0,0.0,0.0857167996384282
2023-09-22,0.03211900082159775,0.08606006128810254,0.04789866706612442,0.11359650240211902,0.0350958772681339,0.03496222711626678,0.06338768721386534,0.09788592237431493,0.07504173126265122,0.2062420407599596,0.03698850251834975,0.03652215340141571,0.04511951989917913,0.0,0.0,0.08908010660791993
2023-09-29,0.03440685090929323,0.08496934111817678,0.05037954502694035,0.11335734026259268,0.03510356080575057,0.03645061394166795,0.06306190727351142,0.10226712228058334,0.07339595225230722,0.2021637023473243,0.03424849773619477,0.03414888475254532,0.045147330939927864,0.0,0.0,0.09089935035318415
2023-10-06,0.03528531571883647,0.07804638648883028,0.04467177697612069,0.11866490755205246,0.03622617830016759,0.036701991513058696,0.0589634822265541,0.10296695008191992,0.07178431843563222,0.19994721648157204,0.03670096540494624,0.03857732231927949,0.049790405740021686,0.0,0.0,0.09167278276100818
2023-10-13,0.03770727232675394,0.07501326977394729,0.04753287457729369,0.12031511850086508,0.03590645495758336,0.034481500484874555,0.05754329769255978,0.1136110774160198,0.06915556404578553,0.19541203768862478,0.036198454254999624,0.038165887730914144,0.04473066199399848,0.0,0.0,0.09422652855577988
2023-10-20,0.03713536058111043,0.07365566253342735,0.04745248580750139,0.11797605576895634,0.03225301912011734,0.034384007239689644,0.05574569430308373,0.11241275908581613,0.08128720928585827,0.19393731062342637,0.03464982915809165,0.03790152998965701,0.047051153553273835,0.0,0.0,0.09415792294999055
2023-10-27,0.038458399946379764,0.07643969475406255,0.04616685511575857,0.11445111646245591,0.03515669042214443,0.031998476049929024,0.05031657442453217,0.11809057411139069,0.07959150220450803,0.19822988503963734,0.03382020497891481,0.0371067477781429,0.045999497437993926,0.0,0.0,0.09417378127414996
2023-11-03,0.03715576888386923,0.07919695247625305,0.045324136422580596,0.11847374098908943,0.038891047620773715,0.033544157185569516,0.053954889734177454,0.12086059289582975,0.06774057603711078,0.1916846688093209,0.03582702125218451,0.0432300858306525,0.04502303463804958,0.0,0.0,0.08909332722453908
2023-11-10,0.039804325636260116,0.08017863790576979,0.05110497332624867,0.12389941056064076,0.03834160716215605,0.03456273582994784,0.05173051120205101,0.11626958666549597,0.06645926629388664,0.1894320529514537,0.03703018498004911,0.04064181641038134,0.04462418585810773,0.0,0.0,0.08592070521755117
2023-11-17,0.04146101375641351,0.08624623006603167,0.049510646481555,0.11900630918827439,0.0398887784680848,0.032232817605114074,0.04917095728741877,0.11093608771886096,0.0680389041124352,0.1857344191071135,0.03920040809267406,0.041712683901220834,0.045006308709285694,0.0,0.0,0.0918544355055176
2023-11-24,0.04327223327702931,0.09587256445106855,0.0514542188308914,0.11958228052613384,0.03815397172577056,0.027834650860429376,0.04950620839594464,0.10799846819352243,0.06425899700628925,0.18499536856205423,0.0375774601968375,0.04286843858368469,0.04393014514551518,0.0,0.0,0.09269499424482909
2023-12-01,0.04355649899212158,0.09491071124591668,0.04966311278040186,0.12281361388193107,0.03896118446210758,0.032488023619620957,0.049047057464042865,0.10443478016455968,0.06605802458311821,0.18226174321182417,0.0390994948245245,0.041804820620744775,0.04481529659117963,0.0,0.0,0.09008563755790648
2023-12-08,0.042208915827355496,0.09698785999013358,0.04883325513090459,0.12329611246434088,0.040532692597858994,0.03265348865323884,0.04853818715086117,0.10355064456139865,0.06526830798042065,0.17897521126725954,0.04168209950066887,0.04194488442670153,0.044585691809773696,0.0,0.0,0.09094264863908358
2023-12-15,0.04369665092129194,0.09945613315292007,0.05047952378411217,0.1265227396960615,0.03866076413872881,0.03197957178973134,0.0482891105123553,0.10277893809590459,0.0667345313438591,0.17444388148021764,0.04255190740614798,0.04041425810875537,0.04589567078857323,0.0,0.0,0.0880963187813409
2023-12-22,0.04674259861065188,0.10354182327583544,0.04963388214067333,0.12542148161816905,0.039265945664903365,0.032535856410557076,0.04518331148075047,0.10307425201393283,0.06589643569180159,0.17035126565972772,0.043277384451898354,0.038098724827663404,0.04912203099768644,0.0,0.0,0.08785500715574894
2023-12-29,0.048556983779703265,0.09713754537054449,0.04803209939881734,0.12537652612700095,0.03882360724479535,0.032678621232036534,0.04456594021270382,0.0979006440340849,0.06653606563949799,0.17088107510481582,0.04610125915114747,0.04214416466823111,0.047187709900783616,0.0,0.0,0.09407775813583745
2024-01-05,0.04295608341394296,0.10095166513514454,0.04927824331151738,0.12438537866199362,0.038751899496588506,0.03079122205665354,0.042857618711665664,0.09589759085542587,0.06841358502627608,0.17119585973284693,0.0480599936134473,0.04602435415268393,0.04583610524024698,0.0,0.0,0.09460040059156663
2024-01-12,0.0433156502118385,0.10353583864155105,0.0497380350230243,0.1198899496888185,0.04080843047459826,0.03441994822012434,0.04429102263504517,0.09491758272622991,0.06380658259946,0.17310707515923024,0.04804213734956579,0.045287343797616925,0.04706350854628278,0.0,0.0,0.09177689492661413
2024-01-19,0.04507414311456559,0.09740590146462852,0.049938658121255336,0.12149316860514346,0.03796105642621706,0.03464798756051459,0.04945161513874467,0.09612759635267404,0.0662315191638555,0.1792312616914283,0.04666296865842494,0.04187756412334684,0.045179123659809126,0.0,0.0,0.08871743591939205
2024-01-26,0.04817463278238948,0.09173945849039557,0.051457335300538726,0.12003153017633998,0.03727055716578502,0.03435144580828482,0.04783474051361414,0.0971308413250762,0.06665011495133268,0.18452302033219628,0.04331644940956937,0.04290291627074041,0.044290048977818915,0.0,0.0,0.09032690849591846
2024-02-02,0.04819100433784837,0.09170704751048268,0.05411901515001763,0.12340099786157062,0.03774537824311595,0.033811372422757564,0.04566378308143317,0.09516951456889418,0.06979772369641853,0.18842462432263685,0.04365130853629322,0.04019074263629371,0.04144904450717766,0.0,0.0,0.08667844312505987
2024-02-09,0.04789685103673303,0.08814637363305797,0.05553633060304193,0.12345743741431871,0.03893790584393763,0.032821176979102556,0.0465993596972942,0.09772873767014843,0.07032088435816058,0.18749211112561207,0.043005688046920204,0.03842073503568455,0.04270105204969554,0.0,0.0,0.0869353565062926
2024-02-16,0.048346007163285826,0.0861058663914521,0.0574413460012362,0.12374439186378544,0.03703309502013383,0.03462749714568685,0.04955713667614222,0.09430690463477336,0.06909426759341923,0.1839921945597459,0.0452930827174611,0.042503181874493624,0.041492187304202066,0.0,0.0,0.08646284105418217
2024-02-23,0.048324945971799094,0.08399854391489907,0.061952313124876784,0.11955514994374859,0.03831661595278236,0.03528304079008115,0.049649678793411894,0.09327164404971296,0.07084976200100819,0.18430011896205203,0.04425877821219928,0.04257753303536643,0.04061509964848156,0.0,0.0,0.08704677559958073
2024-03-01,0.047257511728551214,0.08604446161058275,0.05922671126037096,0.12293961362022307,0.038266592840908435,0.036920641429199985,0.049683093889922,0.09469487822540473,0.07069099194746958,0.1843936864456483,0.04298854851931886,0.043272625253584926,0.040364905293884944,0.0,0.0,0.08325573793493027
2024-03-08,0.04546994286323379,0.08657799552866903,0.06008764796114988,0.12246269881037376,0.03840328654163376,0.03855952197448605,0.05124910882274492,0.09537668937116532,0.06746016515903898,0.18198388507774094,0.045332505543570406,0.04518869615186489,0.04114821299798175,0.0,0.0,0.08069964319634661
2024-03-15,0.0480003612449791,0.0909576018401825,0.05982280956315485,0.12493731412635686,0.03647331206933724,0.03674352084722874,0.05000712902909485,0.09376628986377054,0.07018568861048018,0.17722452160983176,0.046827586181568334,0.045286954748881544,0.038720959683304614,0.0,0.0,0.08104595058182902
2024-03-22,0.0442092529425466,0.08621422553337345,0.058749445514767074,0.12757337777119054,0.035680521402358126,0.03271596207477331,0.05014662424644401,0.09531528132489088,0.07231424071748209,0.1801685804951888,0.047460394362545545,0.045167034927910396,0.040889435738211445,0.0,0.0,0.08339562294831769
2024-03-29,0.046228196149991026,0.09055657677105088,0.06006712702437021,0.12321895368410056,0.03696740913688669,0.03222474017920414,0.049079725536493674,0.09480235379415342,0.07205331287920554,0.1760585208741359,0.04562624236324623,0.045597724376015614,0.04340443253404578,0.0,0.0,0.0841146846971004
2024-04-05,0.050283330297524305,0.0889405514112727,0.06040400029278645,0.11594767454199383,0.03608353315867021,0.03299017077904713,0.04836983702238196,0.09440880362473333,0.07039877486767222,0.17628810202960465,0.04738949084180875,0.04823970383658488,0.04202028190608048,0.0,0.0,0.08823574538983914
2024-04-12,0.047521217362812535,0.08543515419284713,0.05960600725664937,0.1118661184066003,0.03734493513881169,0.033710170016938504,0.049365258839072286,0.09584747957993432,0.07351502462058754,0.17735291755303317,0.04788690129976876,0.04554312366509117,0.045046941657434746,0.0,0.0,0.08995875041041856
2024-04-19,0.04601133787960057,0.0839763276702198,0.05903975261248092,0.11206284748638748,0.03878312555810543,0.03094490809868686,0.048322520296330836,0.09628527161738266,0.07350238876139695,0.1801958890689703,0.04868967119941551,0.04852234956653436,0.0469447269788465,0.0,0.0,0.0867188832056418
2024-04-26,0.045259934377550916,0.08125872276194811,0.056449924778707944,0.11813760072249532,0.037762971883751,0.029426581289680863,0.04649887141294856,0.09842876931926199,0.07445485804441745,0.18455591628215462,0.04644244103457282,0.04673754776397357,0.04442101467605781,0.0,0.0,0.09016484565247908
2024-05-03,0.045297127602979395,0.08236494707896634,0.059481252912564564,0.11583610933590566,0.03707246747692447,0.02757675842364697,0.047985776019019995,0.09791330007739286,0.07220261204237594,0.18761624457359713,0.04681674040418961,0.04462096856787976,0.04440108709852751,0.0,0.0,0.09081460838602978
2024-05-10,0.04712679484650277,0.08241148867490444,0.05720293464643185,0.11640079721857635,0.03620757688594085,0.028935929923977498,0.04379137733067596,0.09817101595227,0.07657662547305526,0.18749085031944232,0.0502061517831212,0.04457660291970161,0.04200898146394829,0.0,0.0,0.0888928725614515
2024-05-17,0.04570802504078978,0.0778156350066921,0.05743432869607278,0.11335998121669616,0.036685728052278155,0.03077742273882668,0.04493967326029186,0.10001584086702767,0.07528255937010614,0.18686393872164372,0.050839716863533495,0.045271573857380745,0.04484309229419284,0.0,0.0,0.09016248401446791
2024-05-24,0.04688990772022965,0.07575656209136812,0.05791435174137947,0.1133189712701344,0.03575040746766569,0.033008823397949055,0.04353628101785617,0.10026707244519614,0.07665091986491714,0.18580692015862962,0.04975907292584997,0.04567505725430013,0.0437345256162954,0.0,0.0,0.09193112702822896
2024-05-31,0.0443478050911599,0.07322359882190317,0.057279309337481016,0.10786357756725626,0.036889575687912055,0.033508889505847156,0.04736446767058911,0.10189856911405629,0.07556192827629711,0.18452421623679757,0.048598977026827944,0.04920697831101284,0.047871393281440106,0.0,0.0,0.0918607140714194
2024-06-07,0.04520787411646854,0.07663900193815792,0.05856487811099739,0.10382649658580709,0.037045879551039315,0.031724922284097595,0.047599859687246615,0.10303278412077517,0.07548746472230779,0.1879995010647878,0.04886587338345282,0.046690864228912644,0.04788998852768343,0.0,0.0,0.08942461167826585
2024-06-14,0.04316577321386008,0.07542555414202318,0.061657126756718104,0.10306169812104377,0.03732081163537633,0.03252599217439239,0.04510292454194819,0.1055196166301519,0.07067927037212157,0.19269504199670906,0.048807850457990416,0.04745411359071233,0.046465206103516364,0.0,0.0,0.09011902026343652
2024-06-21,0.040701420923541336,0.0789739994846164,0.0583300807508252,0.10137591489151367,0.03747409683007902,0.03262921291213236,0.04348376848804711,0.10568065794424182,0.06921277360888892,0.20133205696283188,0.045886941284942875,0.04883228485053401,0.045107073056883704,0.0,0.0,0.0909797180109217
2024-06-28,0.0433638842252411,0.07863901790327944,0.060424471661879274,0.10125018297734818,0.03846077949727967,0.032734354909016605,0.04381454213857325,0.1006151397369537,0.06980674508484846,0.20073376666079767,0.04751249123309683,0.04888731056944556,0.04433420099868496,0.0,0.0,0.08942311240355544
2024-07-05,0.04811678282704394,0.07389498138131353,0.06100838346229136,0.1003170864435959,0.03640271296742489,0.03162924703836371,0.04604736218873842,0.10309655798736406,0.0651429797722572,0.2053047132514621,0.0450446473848039,0.04780574458939748,0.0445356278050333,0.0,0.0,0.0916531729009102
2024-07-12,0.047050872014931217,0.07373430356556067,0.059323985026921704,0.09998712584201115,0.03557174148609366,0.031809870707380436,0.04480643338590656,0.09837900463950629,0.06763665660817966,0.20741811276566055,0.045690202375319657,0.04724963337059937,0.04559677865382292,0.0,0.0,0.09574527955810617
2024-07-19,0.04859575616080544,0.07644330984045951,0.05540228922259778,0.1050278441066828,0.0335472376104007,0.030856834533587407,0.04728228372017532,0.09567496989189361,0.06937335139637231,0.2059781175741443,0.04760368892969637,0.04453356151339955,0.04352045669617713,0.0,0.0,0.09616029880360771
2024-07-26,0.04569743735350463,0.07885491277296539,0.05830117966142833,0.10958127337835558,0.03747990985982074,0.030999461826167193,0.048061720547929655,0.09657098730240618,0.06916353152300737,0.2024127965259441,0.04648243202953602,0.0432379985137416,0.041592459520564666,0.0,0.0,0.09156389918462865
2024-08-02,0.04757184067869176,0.08339377006030255,0.06041718176934467,0.10311929817910168,0.03908726825829832,0.032405095456744124,0.04521694161467113,0.09648649549896718,0.07183035065911654,0.19975348245559907,0.04461598962469106,0.04348599610132679,0.04388769194096839,0.0,0.0,0.0887285977021767
2024-08-09,0.04519418066489253,0.08045054091278762,0.06316170197111233,0.09970509325606772,0.03492364247435129,0.03373367657174495,0.046004428134168183,0.10025672717297102,0.06922970282987458,0.20212910411150642,0.045312045483010585,0.044462991318666295,0.04707382124029604,0.0,0.0,0.08836234385855049
2024-08-16,0.047100564860529825,0.0819253285166897,0.0658322808828882,0.09665427539536336,0.035933672956587476,0.03347756775962224,0.04380331066838075,0.10260637210785604,0.07034365748734019,0.201934119208654,0.04622970978585943,0.043423073389718535,0.04282670506634889,0.0,0.0,0.0879093619141614
2024-08-23,0.04711437340262025,0.07552994785253203,0.06407456704912307,0.09182391380900608,0.03639088650880316,0.03550330030795934,0.04356287041918219,0.10934966776273997,0.06762935297889033,0.20489822005970054,0.04371348124446893,0.049613583637884755,0.043241130649429485,0.0,0.0,0.08755470431765983
2024-08-30,0.04603100777643226,0.07573352561003749,0.062104133219559064,0.09035212540104615,0.039971828978681095,0.03344651307819785,0.04456805989019661,0.11122672131332301,0.0653747097933747,0.20255227051185165,0.04530891812694395,0.04923714951826273,0.042500586964336236,0.0,0.0,0.09159244981775727
2024-09-06,0.04400678669518136,0.07330818696388329,0.0597677339891026,0.09114147015648985,0.038341191694857404,0.03403913631832391,0.04575852438916854,0.11031613436811549,0.06844103296472853,0.20327637997426218,0.04775711234471851,0.051323208735435895,0.04631571076477532,0.0,0.0,0.08620739064095703
2024-09-13,0.04372631374353058,0.07420193664825421,0.06343951841601733,0.08808709212313792,0.039921770209317795,0.03365039104447245,0.04219507491230061,0.11682240234723792,0.06565522179684766,0.20236204166312444,0.048179566699439284,0.0506286801425167,0.04323112212384614,0.0,0.0,0.08789886812995697
2024-09-20,0.04332411967057769,0.07590758119349102,0.05680718689892801,0.09135270599692286,0.04054017181474537,0.03353491656058858,0.04515483001467693,0.1205683469594341,0.06757031483370865,0.19272842460153095,0.04701045180375641,0.049876070119152044,0.043818565446085894,0.0,0.0,0.09180631408640169
2024-09-27,0.04164709115895581,0.08224613010469298,0.06118467990743795,0.09596439142693501,0.04036074618024208,0.03237096180776999,0.04247499101897429,0.11679185221656178,0.0649791509866784,0.1918015741853416,0.04731603136448242,0.0499013999757636,0.047419068241080414,0.0,0.0,0.0855419314250837
2024-10-04,0.040170242636641394,0.07744737971555732,0.0681586192481352,0.09505588495358959,0.0400661637291621,0.03198952123373279,0.04611039301472224,0.11677576083352821,0.06763924148619824,0.19081434313498974,0.04596995413256965,0.049858447135779686,0.04710479571271815,0.0,0.0,0.08283925303267566
2024-10-11,0.0427110305271098,0.07966113369933372,0.06625148138426967,0.09242801898744034,0.04076372433967475,0.0319898637314818,0.04613577100108382,0.11453134001646573,0.0685800942246862,0.18819384857965196,0.04640368401953376,0.05104683042681102,0.04645887568663864,0.0,0.0,0.08484430337581882
2024-10-18,0.041233907397293344,0.08122055098419925,0.06665447058163723,0.0894220533759937,0.03869184361047934,0.03125068892606223,0.04716387942148583,0.11558282976411004,0.07080007206500893,0.19005531818598564,0.04875284247838647,0.046190314682031254,0.04644016846664597,0.0,0.0,0.0865410600606808
2024-10-25,0.041914625645426584,0.07771250526597237,0.06617649640967795,0.09033235097083557,0.04214597212635278,0.0322678218871658,0.0464561829300721,0.11950958295940657,0.0724323607642755,0.19026582360182037,0.043636077654992216,0.045722768761971073,0.04558259224739153,0.0,0.0,0.08584483877463969
2024-11-01,0.041436144044240446,0.07538071422940644,0.06949692658382363,0.09333835924885968,0.038269305815710426,0.03310823457681286,0.04653966075154946,0.12316696434120286,0.07244343585585976,0.1912176489115103,0.0460164894094293,0.043477284698486746,0.04509250819646336,0.0,0.0,0.08101632333664482
2024-11-08,0.042289484405177165,0.07841242082521614,0.07058558923866824,0.09290781846111092,0.0397754682123685,0.03258157902399043,0.04501146141761203,0.11877791721330097,0.07172892535693948,0.18955136984298476,0.04947505761106282,0.04039080953112142,0.04528140476599427,0.0,0.0,0.08323069409445286
2024-11-15,0.04466455530582132,0.08129855497164586,0.06718887340145759,0.09253262719301991,0.0385893256173933,0.03380564223506016,0.04597870449749718,0.1154090147442343,0.07346258287997978,0.19116380450678772,0.04745574861799715,0.041577901158772176,0.045319680329430935,0.0,0.0,0.08155298454090264
2024-11-22,0.04483030122587553,0.08510075100184261,0.07203897856100573,0.09204876236213275,0.03803780139434493,0.03373516322878761,0.044258992453579046,0.11161900019471646,0.07548590521926574,0.18839724515252435,0.0460770233317625,0.04242569074178447,0.04694485209659516,0.0,0.0,0.07899953303578316
2024-11-29,0.04503238672274366,0.08743474887858418,0.07353528024547101,0.09044339331491486,0.038129412783987134,0.03433783244864305,0.0432805827151109,0.11418430608346501,0.07147517226060142,0.19230743119429786,0.04704068729520054,0.04133203519374559,0.043598472490766656,0.0,0.0,0.0778682583724681
2024-12-06,0.04767525276624807,0.09022621065730303,0.07038162647587638,0.09304960147266339,0.03784753447237886,0.03517786390852608,0.04437369181481887,0.11271765352023853,0.07085997099341088,0.18642743539889386,0.044172490151437475,0.04419724744398179,0.04573226479373396,0.0,0.0,0.0771611561304889
2024-12-13,0.05225830713863846,0.08491816239616518,0.07528741193916856,0.09608789884410689,0.037240626690632245,0.03353562042956056,0.04164016616327295,0.1105656598763121,0.06828756722122818,0.18673949884341529,0.04598423389871632,0.04378190075305421,0.04605267412294297,0.0,0.0,0.07762027168278615
2024-12-20,0.053254109478278536,0.08295790716733993,0.07244822944115385,0.09368653394565701,0.03822182415315347,0.03753716189355893,0.04189187103515492,0.11061669663626912,0.06796546951315852,0.18630100731757746,0.04791979595827173,0.043797201394658786,0.04438700818982554,0.0,0.0,0.07901518387594224
2024-12-27,0.04943506694507158,0.0781227517635246,0.06892273756603504,0.09321095452930106,0.035920149253521244,0.039481610023525675,0.045917200742591265,0.11209995615949997,0.0705762823944372,0.19076092562653404,0.045003724186453875,0.046713625521219125,0.042382085857268756,0.0,0.0,0.08145292943101655
2025-01-03,0.04854674254563442,0.07458386526704776,0.07083394597424407,0.08746057794045754,0.03717894179737764,0.03501533090486025,0.043895208526053525,0.11265546527539481,0.07342481571141637,0.19117382513906134,0.04775186921899212,0.05072232397615228,0.041064378536600034,0.0,0.0,0.08569270918670782
2025-01-10,0.04541387194352733,0.07990723214598036,0.07297200926913697,0.08463226404018259,0.03652602835979718,0.03432905061788471,0.04261153711021372,0.11216946863720181,0.0727182715870545,0.19235273476654619,0.05000181432712245,0.04924990774882258,0.04192083707729502,0.0,0.0,0.08519497236923472
2025-01-17,0.04609261685862845,0.08090762505408575,0.07715266640664668,0.08188784413307361,0.03740119325180632,0.034403161203686965,0.041189634564592376,0.11593702426661237,0.07363824402232359,0.1906922895402795,0.04721630127678918,0.049728001766952905,0.042975481493644156,0.0,0.0,0.08077791616087812
2025-01-24,0.04554983377983079,0.0759118839231924,0.08013471854590494,0.07674400457265292,0.03790512099122664,0.03365916309391806,0.04090180212791644,0.11927111854590358,0.07694574609739116,0.19552952798658546,0.046759288286054114,0.048717796083445356,0.04221024624867739,0.0,0.0,0.07975974971730071
2025-01-31,0.04354432100456233,0.08016560692700567,0.07716049344988057,0.07095284919944218,0.0364865808534325,0.03304639138114792,0.0405697717214196,0.12176333349893946,0.07973545487264108,0.1980197826533769,0.04965798335973016,0.05230463114676945,0.04100182456462429,0.0,0.0,0.075590975367028
2025-02-07,0.04528490372993008,0.08023477084109717,0.0794397171980464,0.07141489658407785,0.03787628683898231,0.031018587109573774,0.039944632617778315,0.1192823516136648,0.07936788310895093,0.20211773796442306,0.049027087539847705,0.051152646997603614,0.04288707181258958,0.0,0.0,0.07095142604343435
2025-02-14,0.04605618092926517,0.0772456682235319,0.07805685654215615,0.07092419553694947,0.03862852268302545,0.03265863768019709,0.039567966463355086,0.1156961640439735,0.07808997996538061,0.20451205395356864,0.05083992393309298,0.05488177645992283,0.040815067024846545,0.0,0.0,0.07202700656073473
2025-02-21,0.04238934666122,0.07499362175769757,0.07646731279051518,0.0709572152552661,0.03926504426832309,0.03004264869164722,0.03958061300031245,0.11468298763572435,0.08161812963363153,0.2092813139520188,0.05262767336554828,0.052336612928473206,0.04199317403421155,0.0,0.0,0.07376430602541077
2025-02-28,0.0443373769536536,0.07734568646041251,0.07865268972245014,0.07270309702750996,0.03625586927674323,0.030954381935681473,0.03814851784025027,0.11778227546624603,0.07422964798499164,0.21116337065461285,0.05138697103321925,0.05255201352261866,0.04096360775343161,0.0,0.0,0.07352449436817887
2025-03-07,0.04419985990066671,0.07431424175955825,0.07533070704725994,0.06902810507537722,0.03959091240877738,0.029104257920325702,0.04104314858924905,0.12246802195789641,0.07879063984849653,0.21423119222409628,0.04970791292750221,0.05152055688745545,0.04042547484441721,0.0,0.0,0.07024496860892165
2025-03-14,0.04247521398861333,0.07377700596325172,0.07581227590194042,0.07003701494422829,0.036736933538019864,0.028948070970362824,0.041641084068668364,0.12341184316484671,0.07763310889840376,0.21249645991370114,0.05134530835477013,0.05209269894778679,0.04074039225159868,0.0,0.0,0.07285258909380798
2025-03-21,0.04323603290187097,0.07264045638401487,0.07454460260848648,0.07235119402049739,0.038319607806228534,0.029434442350563094,0.0383024663417931,0.12168689918868168,0.07939647853327245,0.2135217439758976,0.053060966078313,0.052119207203769724,0.04041697271476665,0.0,0.0,0.07096892989184454
2025-03-28,0.044341975161422825,0.07191134235065086,0.07560861192549365,0.0722292339267569,0.03810671750068793,0.03008513558703217,0.03655013686002235,0.12373013176789877,0.0777274104785564,0.21585063349810285,0.051600113559281596,0.05183648583122368,0.040619195281933494,0.0,0.0,0.06980287627093654
2025-04-04,0.04429281959724024,0.07034939028255562,0.07514898046463277,0.07142900621312233,0.03849663622562523,0.030017940796274956,0.037325589977306964,0.12223025077962989,0.07984666980732119,0.21737894261489038,0.05299391321515962,0.05015507810481399,0.03878987937497975,0.0,0.0,0.07154490254644702
2025-04-11,0.04661443924229002,0.06811449428796247,0.07488969820132707,0.07329359825002243,0.03885661536918368,0.029508057628045984,0.03707373626581917,0.12074589073105436,0.07964601304896142,0.21754304671890584,0.05227361104052625,0.04988880701352196,0.04130355664814258,0.0,0.0,0.07024843555423689
2025-04-18,0.04681602969804781,0.07045546940758776,0.07551449521435093,0.07316211851480016,0.039089302493342984,0.028339945507789902,0.03857745200042133,0.12431450349752506,0.07887235706427503,0.21845642534405565,0.052007455612776275,0.04762914277972272,0.04142791758248143,0.0,0.0,0.06533738528282287
2025-04-25,0.0484152832113065,0.07236646429466573,0.07743185542669591,0.07104623938752262,0.037803980968741824,0.029510518118223975,0.03931947733003146,0.12262416902685284,0.07816053554650798,0.21410518225826114,0.050136790725933966,0.054119707093097755,0.041227432430383536,0.0,0.0,0.06373236418177479
2025-05-02,0.04496199417163878,0.07413549459029398,0.07725168361656709,0.0731563352164557,0.03907591083419043,0.02940350479132782,0.03792856002485297,0.12279094019558107,0.07775224622640295,0.21040273099090165,0.050568429142062256,0.05314448303873427,0.043599667634499656,0.0,0.0,0.06582801952649134
2025-05-09,0.04639793696321722,0.07576625086758375,0.07788464864261906,0.07252928495246322,0.03762185302528802,0.03221326660412262,0.03827635872477368,0.12635689632804384,0.07910766087541317,0.20719949085728273,0.04702370535389975,0.04985218997909135,0.039544865308456294,0.0,0.0,0.07022559151774531
2025-05-16,0.04613147616015505,0.07222527807156004,0.07777187924015848,0.07375924975123223,0.037384447655256885,0.03225506627182892,0.03748519649977016,0.1279153329127422,0.07885043665426288,0.2089378482873917,0.04728988130240852,0.050893636455547474,0.039211441475235934,0.0,0.0,0.06988882926244946
2025-05-23,0.04497030198754223,0.07170980265981552,0.07420550482775054,0.07810185727569727,0.037606808421414076,0.033548313915821026,0.03838842194982565,0.12701492283294163,0.08154327852484883,0.21230430916638351,0.046443463268624016,0.04679811223122712,0.03885515785126212,0.0,0.0,0.0685097450868464
2025-05-30,0.04253697906123178,0.07421719507083867,0.07160671546857948,0.07680260022305174,0.034971300967034775,0.03088998424618165,0.03906769794847064,0.12644429881904262,0.08336658631530443,0.21343412478348808,0.0508365296692798,0.04835383691572842,0.04036271835392849,0.0,0.0,0.0671094321578394
2025-06-06,0.041466505923446584,0.06968056680366104,0.07198424531304501,0.07657199182414448,0.03823204922912197,0.03308174046763415,0.03541854912638322,0.12903862232780627,0.08519295474298143,0.21668239966106154,0.049666234897381194,0.045279676969505106,0.040267639488963586,0.0,0.0,0.06743682322486447
2025-06-13,0.04232012067217052,0.06842858307696603,0.06712530380164698,0.07472853036348916,0.03782273299797532,0.032240851522701654,0.03430142775252664,0.13157216567734542,0.08410742183938223,0.22022406588877608,0.052326375526520655,0.04767720716603662,0.03882974519099219,0.0,0.0,0.06829546852347053
2025-06-20,0.045556769447382225,0.06908954095963701,0.06551080410781769,0.07138623419008502,0.03613055000727237,0.03396804691999801,0.03592282784308089,0.13299277097069367,0.08573713871592942,0.2224325635328878,0.050387350984536255,0.04331243856491597,0.04046839531205133,0.0,0.0,0.06710456844371245
2025-06-27,0.04630480803604087,0.06450571221960262,0.06751061600521326,0.0713649378909223,0.038214059806435836,0.032236853395211235,0.036525456435866986,0.13097930909494507,0.08773751416955068,0.2234453138820084,0.0505927011747271,0.04556247545910801,0.03731812521045633,0.0,0.0,0.06770211721991136
2025-07-04,0.045695325123015496,0.06226072365644065,0.06268448930534065,0.07178939410498898,0.03732040111442467,0.032781042839275,0.036091692644757215,0.13893573066903486,0.08948334433628936,0.22605628865484328,0.04646134451137846,0.044096733164196246,0.038958052310389825,0.0,0.0,0.06738543756562541
2025-07-11,0.04690984502830307,0.060126150329470635,0.06368246631052804,0.07376018853181189,0.03452790200005691,0.034071369377756254,0.03627633763154991,0.1363289163746868,0.0871628407315928,0.22844437152303626,0.04869206695043652,0.045928864723284855,0.036009736682552085,0.0,0.0,0.06807894380493398
2025-07-18,0.04644130082319182,0.06522158292462914,0.06394665626917236,0.07137856040839818,0.035617893650543256,0.033343787168897444,0.03763909974948914,0.1339848682448588,0.08537333568091819,0.22684650208428073,0.04917205643934569,0.048139041425486924,0.03683356719760977,0.0,0.0,0.06606174793317854
2025-07-25,0.04615886465509736,0.062219229724057634,0.06275921091985875,0.0780210194529312,0.038319425263531555,0.032212094255788144,0.037569076696576026,0.1270201765782035,0.08637858770710234,0.22663193918506241,0.04946682393046562,0.04353398456858045,0.039765585140241685,0.0,0.0,0.06994398192250326
2025-08-01,0.04743641469697495,0.06475280765034477,0.06335704994088098,0.07649732953895286,0.04080674789756242,0.03204463032567761,0.0341065818817245,0.1283628796527719,0.08769236903600329,0.2242773102809687,0.0486519778773539,0.0432175552390579,0.03993300012118449,0.0,0.0,0.06886334586054173
2025-08-08,0.04638134589109972,0.06704580660330518,0.06757465287174781,0.07614874357479816,0.03874525326680749,0.030503447440721,0.03384881743250113,0.1279820751822687,0.08634874171420585,0.22505330123355263,0.04905961288638036,0.042591986323474905,0.04060633334835338,0.0,0.0,0.06810988223078368
2025-08-15,0.04709964531034871,0.06651209780365866,0.06365004224738628,0.07519888958564519,0.03876292709316505,0.02860452717427042,0.035279685784284184,0.12855660437350871,0.08512378515994537,0.2273310331920168,0.049044584607367596,0.04285128189804414,0.041485102578216394,0.0,0.0,0.07049979319214243
2025-08-22,0.047988485535895166,0.07071814864324825,0.061409636296445684,0.0768431368352006,0.03997240962776037,0.026970094599435137,0.03182276397259902,0.12980348021707253,0.08608311254797367,0.22638721348283894,0.04935317837403604,0.04040560755383544,0.04281671947070359,0.0,0.0,0.0694260128429556
2025-08-29,0.045786815177154876,0.07144440969972,0.060690274869295686,0.07979238973571895,0.03885074860741647,0.027384562472397025,0.03321287460139901,0.12935103926124258,0.08249429317623322,0.22955855267645428,0.051585552902307256,0.04200204166230304,0.03899230040866335,0.0,0.0,0.06885414474969424
2025-09-05,0.04579752134737681,0.06991931997233175,0.0589956079472721,0.0785517247619468,0.03634883545548238,0.02662470672016246,0.035027869405866614,0.12909144483202004,0.08435615156352351,0.23264652302465647,0.05133652551494923,0.04424725701924063,0.03774398346905651,0.0,0.0,0.06931252896611459
2025-09-12,0.04316552158912376,0.06749585944937012,0.05806537105757181,0.07781303478638867,0.03636532230686214,0.029045785442459775,0.033993587884181574,0.13115175183286382,0.08663244878962713,0.231270210848724,0.05295026835739984,0.044979925759117016,0.037021094344237594,0.0,0.0,0.07004981755207294
2025-09-19,0.04364667633444312,0.0679894322627605,0.055824098201309125,0.08027888190031698,0.03677568838245858,0.02827859640856358,0.03801976914565416,0.1280338728283584,0.08452524382793467,0.2305263162206748,0.05286683898742923,0.0448204788450431,0.03836297961909272,0.0,0.0,0.0700511270359611
2025-09-26,0.04178814805571347,0.06968681652932282,0.0563274305787638,0.0821818399484051,0.03440367918153233,0.028582351153207734,0.03778824250229301,0.12564840008210887,0.08610243794301944,0.22903031719199787,0.05044019075441163,0.04437808792812442,0.03865710140077869,0.0,0.0,0.07498495675032076
2025-10-03,0.042272957142133166,0.06985270254712475,0.059021014018261916,0.08171299394377783,0.03650931163758585,0.028872502726210916,0.037404209283716926,0.12435067512316059,0.08337369094447404,0.23016479188784347,0.05191380153626714,0.04237534318803388,0.037721280948440246,0.0,0.0,0.07445472507296932
2025-10-10,0.04101296460825546,0.07091624733596825,0.06159868345338449,0.08110024172850071,0.03605107247460305,0.028526313421835776,0.03417801714711016,0.12878258445322308,0.08005193379388649,0.23422783472093792,0.05183837733590498,0.04406356957688363,0.03709926103992662,0.0,0.0,0.07055289890957935
2025-10-17,0.04080690566905315,0.07062280467749202,0.05921233072663156,0.08388016196230044,0.03756502386962372,0.027021268566369328,0.03370909087892009,0.13152977510124975,0.07768591335786265,0.23357221249101412,0.05041318053207879,0.04524050191611211,0.03837487138854565,0.0,0.0,0.07036595886274671
2025-10-24,0.03462418392150542,0.06945715367727755,0.06312045465575075,0.08250710487000959,0.038420546938184134,0.028354429012345462,0.03660745834031525,0.12827200098806213,0.08152691666591028,0.23596573995317113,0.051915349647755196,0.04379726036118333,0.038502168714583014,0.0,0.0,0.06692923225394683
2025-10-31,0.03305936413516966,0.0694876487666999,0.06542670892841179,0.08503778601800059,0.036673092750354595,0.0304291648181431,0.03575464195703253,0.12886990287691194,0.08137931871946202,0.23475118443206944,0.052237537179300284,0.04489368680906845,0.03725842345858452,0.0,0.0,0.06474153915079128
2025-11-07,0.03348572334170731,0.06881873463175543,0.06602072870647417,0.08493744183671612,0.03800755137728207,0.03119050282383369,0.03819198762486104,0.12927330000793877,0.07835669485998414,0.23269129646798137,0.05215420876500845,0.04550016905963652,0.03496134168120571,0.0,0.0,0.0664103188156153
2025-11-14,0.033585463732309924,0.06702218660795724,0.06763808587934413,0.09182909321253685,0.03651177281854943,0.030564996489954768,0.03697567798322932,0.12734440436876215,0.07857674991281123,0.2325046283990043,0.049438695854558574,0.046174767109209,0.033666929285692704,0.0,0.0,0.06816654834608046
2025-11-21,0.03477931513971242,0.06883346580447444,0.07258707063749335,0.09635150424724032,0.036777508966426134,0.03153462240323565,0.03681789186069328,0.12648725106310738,0.07687059244132309,0.23192930985885055,0.04921742899302523,0.03826201429847755,0.03361115709900854,0.0,0.0,0.06594086718693214
2025-11-28,0.0342948551057154,0.06745487781527051,0.06931528838089811,0.09293003896788568,0.03567007026338074,0.029109933355285805,0.03500671369026719,0.12783198158037654,0.08004083512337573,0.23346435732038573,0.04851981049391592,0.043595863308512,0.03598817697654842,0.0,0.0,0.06677719761818224
2025-12-05,0.03547783384226645,0.06890917347502523,0.07146280866839691,0.0900945638979969,0.03454839528560169,0.029163238295518083,0.03437037270964702,0.1227066187519105,0.07994034433157571,0.235073540535438,0.050255465833473886,0.04381613627841584,0.03419067937797032,0.0,0.0,0.06999082871676342
2025-12-12,0.03308364140259046,0.0697620047547142,0.07416413258181213,0.08839144020831827,0.035335754867395576,0.02982839600105325,0.03504235187098073,0.12222060931009833,0.08038290362180266,0.2382478812137893,0.048327399681091725,0.04179881334785268,0.033441851855435155,0.0,0.0,0.06997281928306555
2025-12-19,0.03364217985748399,0.07057313366154325,0.076926378043336,0.08819996760861587,0.035273506853026895,0.029976994622385473,0.03480826587246426,0.12144919659021725,0.08003901488047876,0.24104816947295993,0.047094825497491104,0.04068226453700226,0.03388209198850374,0.0,0.0,0.06640401051449127
2025-12-26,0.03393415733755966,0.0703804940817672,0.07179642469023992,0.09058214727641183,0.0354009707055346,0.028266874560991292,0.03208631560663126,0.1198126863368309,0.08133794982980999,0.24183216666242618,0.04895945130567392,0.044208567099460784,0.035720765367279306,0.0,0.0,0.06568102913938315
2026-01-02,0.03157278282374981,0.06822808766634905,0.07093866334172688,0.08904285222668738,0.03682103293037154,0.02736122547497559,0.033417551974279425,0.12377897102634133,0.08455035145777319,0.2407184674505257,0.05101942448432412,0.04378101971764829,0.03583841949439272,0.0,0.0,0.06293114993085495
2026-01-09,0.03409850268904949,0.07013087955171889,0.0725799350927477,0.08640022287669831,0.03523881140907901,0.030705058343264778,0.03322578045234313,0.12349522375951713,0.08196141508994394,0.2381801455367327,0.051734285036014585,0.043298722161270696,0.0361486815691191,0.0,0.0,0.06280233643250062
2026-01-16,0.03434005858255149,0.06562746649633018,0.06611970970507752,0.08546373850819046,0.035678975171529445,0.03213614043284396,0.03458992399332203,0.12515011366424333,0.08443645750510298,0.23726732984126314,0.054371381540283814,0.04520876248037269,0.03629810732651582,0.0,0.0,0.06331183475237312
2026-01-23,0.03196285005522199,0.06780311797472108,0.06696413433656125,0.08719858895149352,0.03785269446080138,0.02800191469385719,0.03413976571273353,0.1234657523611646,0.08359197735302484,0.2398391923930761,0.054881527075823174,0.044101237945893074,0.03856703779299235,0.0,0.0,0.061630208892635895
2026-01-30,0.03176600096044688,0.06258061201595902,0.06930552284838362,0.0837294816422272,0.036930557619067855,0.028265198732468386,0.037361354544547545,0.12708538319747645,0.08654319777879792,0.2432140081463025,0.05109895485528194,0.04424185896174266,0.03564393155812326,0.0,0.0,0.062233937139174855
2026-02-06,0.03528172457756381,0.05997763110546682,0.07230055879604716,0.08804546257611173,0.03587504387643356,0.030060903915036966,0.03920091743442813,0.12200439307412438,0.08528433323154143,0.24223994961170148,0.05126271843655907,0.04276657503349967,0.0339084551865441,0.0,0.0,0.061791333144941826
2026-02-13,0.036928693769710794,0.06362132328203168,0.07136713008597144,0.08502177036700348,0.03470255000759055,0.030163942269539713,0.0396582605150508,0.1187840523066774,0.08602137626516308,0.24466681220863892,0.0522682028258162,0.04315733751006454,0.03385660175812268,0.0,0.0,0.059781946828618725
2026-02-20,0.036070296400226035,0.0630116206055515,0.06885765662129102,0.0864963369664302,0.03614372364296893,0.030592675410609216,0.03816784976815203,0.11874613751429866,0.0864088599543181,0.24775569498544353,0.049684909702665675,0.0410839101244639,0.035333259870521834,0.0,0.0,0.06164706843305936
2026-02-27,0.03526539816762978,0.06512981300147937,0.06651658762512638,0.08707291799729666,0.03717081510539744,0.030808588072390387,0.037947226657284984,0.12336129873495558,0.08605705492175401,0.2431954290876107,0.051664573694535164,0.04215339302563261,0.03417544439193142,0.0,0.0,0.05948145951697539
2026-03-06,0.03562202795181054,0.0682967346382844,0.06636243516858681,0.08643716557572104,0.03542749068527157,0.03105854142288734,0.03992261682015519,0.12166010671299975,0.08348452060920811,0.24367177083860095,0.04998762152578581,0.043199488161990464,0.033419083144389794,0.0,0.0,0.0614503967443083
2026-03-13,0.03627901308420182,0.06622520233840852,0.06555164239614351,0.0874348482332992,0.03601886150096204,0.02909676033779134,0.038884528662829175,0.12243292381374885,0.08088197494580343,0.24644145788316854,0.04659154945209018,0.04444804745290095,0.03576012304855982,0.0,0.0,0.0639530668500926
2026-03-20,0.03443134032188091,0.06588086974031894,0.066003274899489,0.08798159350398989,0.035505525137742945,0.027945267446984803,0.040423862545518,0.11938082974138767,0.08353613899555619,0.24437208248467132,0.046469416529153915,0.04540885573353505,0.03522782520110564,0.0,0.0,0.06743311771866575
2026-03-27,0.035454242965410714,0.0651160125156792,0.06931829201205691,0.08495928569716805,0.03641053012387436,0.029442911548977647,0.03813541269286599,0.11950280985167662,0.08387825476761611,0.2456032717394828,0.04686006159445572,0.04496450292624315,0.03460967132180781,0.0,0.0,0.06574474024268502
2026-04-03,0.03462728511208647,0.06873327749503952,0.07148599868438714,0.08508917700211335,0.03438230609791656,0.02933145211268118,0.03762457892285174,0.1215869181177831,0.08317146936393943,0.24694556275050095,0.046784161184734864,0.04342345274023114,0.03234954460376073,0.0,0.0,0.06446481581197386
